-- =============================================================================
-- Expanded Demo Members (10006–10012)
-- Adds 7 members for dashboard population and reporting demos
-- =============================================================================

BEGIN;

-- =============================================================================
-- DEMO MEMBER 4: Maria Santos (10006)
-- Tier 1, DFD (Fire Dept), Manager I, Active, 27+ years service
-- =============================================================================
INSERT INTO MEMBER_MASTER (
    MEMBER_ID, SSN, FIRST_NAME, LAST_NAME, DOB, GENDER,
    MARITAL_STAT, ADDR_LINE1, CITY, STATE_CD, ZIP_CD, PHONE, EMAIL,
    HIRE_DT, STATUS_CD, TIER_CD, DEPT_CD, POS_CD, MEDICARE_FLAG
) VALUES (
    10006, '555-45-6789', 'Maria', 'Santos', '1965-07-20', 'F',
    'M', '2315 Federal Blvd', 'Denver', 'CO', '80211', '303-555-0404', 'msantos@denvergov.org',
    '1998-04-01', 'A', 1, 'DFD', 'MGR1', 'N'
);

-- Employment history
INSERT INTO EMPLOYMENT_HIST (MEMBER_ID, EVENT_TYPE, EVENT_DT, DEPT_CD, POS_CD, SALARY_ANNUAL, NOTES) VALUES
(10006, 'HIRE', '1998-04-01', 'DFD', 'TECH2', 42000.00, 'Initial hire'),
(10006, 'PROMOTION', '2005-01-01', 'DFD', 'ANLY2', 58000.00, 'Promotion to Analyst II'),
(10006, 'PROMOTION', '2012-01-01', 'DFD', 'MGR1', 74000.00, 'Promotion to Manager I');

-- Salary history
-- 2025: 98500/26 = 3788.46, 2026: 101455/26 = 3902.12
INSERT INTO SALARY_HIST (MEMBER_ID, PAY_PERIOD_END, PAY_PERIOD_NUM, ANNUAL_SALARY, GROSS_PAY, PENSIONABLE_PAY, OT_PAY, FY_YEAR) VALUES
(10006, '2025-01-10', 1, 98500.00, 3788.46, 3788.46, 0, 2024),
(10006, '2025-06-27', 13, 98500.00, 3788.46, 3788.46, 0, 2024),
(10006, '2025-07-11', 14, 98500.00, 3788.46, 3788.46, 0, 2025),
(10006, '2025-12-26', 26, 98500.00, 3788.46, 3788.46, 0, 2025),
(10006, '2026-01-09', 1, 101455.00, 3902.12, 3902.12, 0, 2025),
(10006, '2026-01-23', 2, 101455.00, 3902.12, 3902.12, 0, 2025),
(10006, '2026-02-06', 3, 101455.00, 3902.12, 3902.12, 0, 2025),
(10006, '2026-02-20', 4, 101455.00, 3902.12, 3902.12, 0, 2025),
(10006, '2026-03-06', 5, 101455.00, 3902.12, 3902.12, 0, 2025);

-- Contribution history: EE = 3902.12 * 0.0845 = 329.73, ER = 3902.12 * 0.1795 = 700.43
INSERT INTO CONTRIBUTION_HIST (MEMBER_ID, PAY_PERIOD_END, EE_CONTRIB, ER_CONTRIB, EE_BALANCE, ER_BALANCE, INTEREST_AMT, FY_YEAR) VALUES
(10006, '2026-01-09', 329.73, 700.43, 169000.00, 360000.00, 0, 2025),
(10006, '2026-01-23', 329.73, 700.43, 169329.73, 360700.43, 0, 2025),
(10006, '2026-02-06', 329.73, 700.43, 169659.46, 361400.86, 0, 2025),
(10006, '2026-02-20', 329.73, 700.43, 169989.19, 362101.29, 0, 2025),
(10006, '2026-03-06', 329.73, 700.43, 170318.92, 362801.72, 0, 2025);

-- Service credit: 27.96 years earned
INSERT INTO SVC_CREDIT (MEMBER_ID, CREDIT_TYPE, BEGIN_DT, YEARS_CREDITED, STATUS) VALUES
(10006, 'EARNED', '1998-04-01', 27.96, 'ACTIVE');

-- Beneficiary
INSERT INTO BENEFICIARY (MEMBER_ID, BENE_TYPE, FIRST_NAME, LAST_NAME, RELATIONSHIP, DOB, ALLOC_PCT, EFF_DT) VALUES
(10006, 'PRIMARY', 'Carlos', 'Santos', 'SPOUSE', '1964-02-11', 100.00, '1998-04-01');


-- =============================================================================
-- DEMO MEMBER 5: James Wilson (10007)
-- Tier 2, DHS (Human Services), Budget Analyst II, Active, 19+ years + 2yr purchased
-- =============================================================================
INSERT INTO MEMBER_MASTER (
    MEMBER_ID, SSN, FIRST_NAME, LAST_NAME, DOB, GENDER,
    MARITAL_STAT, ADDR_LINE1, CITY, STATE_CD, ZIP_CD, PHONE, EMAIL,
    HIRE_DT, STATUS_CD, TIER_CD, DEPT_CD, POS_CD, MEDICARE_FLAG
) VALUES (
    10007, '555-56-7890', 'James', 'Wilson', '1972-04-03', 'M',
    'S', '950 Broadway', 'Denver', 'CO', '80203', '303-555-0505', 'jwilson@denvergov.org',
    '2006-08-15', 'A', 2, 'DHS', 'BADG2', 'N'
);

-- Employment history
INSERT INTO EMPLOYMENT_HIST (MEMBER_ID, EVENT_TYPE, EVENT_DT, DEPT_CD, POS_CD, SALARY_ANNUAL, NOTES) VALUES
(10007, 'HIRE', '2006-08-15', 'DHS', 'BADG1', 46000.00, 'Initial hire'),
(10007, 'PROMOTION', '2014-01-01', 'DHS', 'BADG2', 62000.00, 'Promotion to Budget Analyst II');

-- Salary history
-- 2025: 76200/26 = 2930.77, 2026: 78486/26 = 3018.69
INSERT INTO SALARY_HIST (MEMBER_ID, PAY_PERIOD_END, PAY_PERIOD_NUM, ANNUAL_SALARY, GROSS_PAY, PENSIONABLE_PAY, OT_PAY, FY_YEAR) VALUES
(10007, '2025-01-10', 1, 76200.00, 2930.77, 2930.77, 0, 2024),
(10007, '2025-06-27', 13, 76200.00, 2930.77, 2930.77, 0, 2024),
(10007, '2025-07-11', 14, 76200.00, 2930.77, 2930.77, 0, 2025),
(10007, '2025-12-26', 26, 76200.00, 2930.77, 2930.77, 0, 2025),
(10007, '2026-01-09', 1, 78486.00, 3018.69, 3018.69, 0, 2025),
(10007, '2026-01-23', 2, 78486.00, 3018.69, 3018.69, 0, 2025),
(10007, '2026-02-06', 3, 78486.00, 3018.69, 3018.69, 0, 2025),
(10007, '2026-02-20', 4, 78486.00, 3018.69, 3018.69, 0, 2025),
(10007, '2026-03-06', 5, 78486.00, 3018.69, 3018.69, 0, 2025);

-- Contribution history: EE = 3018.69 * 0.0845 = 255.08, ER = 3018.69 * 0.1795 = 541.85
INSERT INTO CONTRIBUTION_HIST (MEMBER_ID, PAY_PERIOD_END, EE_CONTRIB, ER_CONTRIB, EE_BALANCE, ER_BALANCE, INTEREST_AMT, FY_YEAR) VALUES
(10007, '2026-01-09', 255.08, 541.85, 96000.00, 205000.00, 0, 2025),
(10007, '2026-01-23', 255.08, 541.85, 96255.08, 205541.85, 0, 2025),
(10007, '2026-02-06', 255.08, 541.85, 96510.16, 206083.70, 0, 2025),
(10007, '2026-02-20', 255.08, 541.85, 96765.24, 206625.55, 0, 2025),
(10007, '2026-03-06', 255.08, 541.85, 97020.32, 207167.40, 0, 2025);

-- Service credit: 19.58 earned + 2.00 purchased
INSERT INTO SVC_CREDIT (MEMBER_ID, CREDIT_TYPE, BEGIN_DT, YEARS_CREDITED, STATUS) VALUES
(10007, 'EARNED', '2006-08-15', 19.58, 'ACTIVE'),
(10007, 'PURCHASED', '2002-01-01', 2.00, 'ACTIVE');

-- Beneficiary
INSERT INTO BENEFICIARY (MEMBER_ID, BENE_TYPE, FIRST_NAME, LAST_NAME, RELATIONSHIP, ALLOC_PCT, EFF_DT) VALUES
(10007, 'PRIMARY', 'Estate', 'Wilson', 'ESTATE', 100.00, '2006-08-15');


-- =============================================================================
-- DEMO MEMBER 6: Lisa Park (10008)
-- Tier 3, DTD (Tech Services), Analyst II, Active, 11+ years service
-- =============================================================================
INSERT INTO MEMBER_MASTER (
    MEMBER_ID, SSN, FIRST_NAME, LAST_NAME, DOB, GENDER,
    MARITAL_STAT, ADDR_LINE1, ADDR_LINE2, CITY, STATE_CD, ZIP_CD, PHONE, EMAIL,
    HIRE_DT, STATUS_CD, TIER_CD, DEPT_CD, POS_CD, MEDICARE_FLAG
) VALUES (
    10008, '555-67-8901', 'Lisa', 'Park', '1988-12-05', 'F',
    'S', '1200 Acoma St', 'Unit 305', 'Denver', 'CO', '80204', '720-555-0606', 'lpark@denvergov.org',
    '2015-01-12', 'A', 3, 'DTD', 'ANLY2', 'N'
);

-- Employment history
INSERT INTO EMPLOYMENT_HIST (MEMBER_ID, EVENT_TYPE, EVENT_DT, DEPT_CD, POS_CD, SALARY_ANNUAL, NOTES) VALUES
(10008, 'HIRE', '2015-01-12', 'DTD', 'ANLY2', 52000.00, 'Initial hire');

-- Salary history
-- 2025: 64800/26 = 2492.31, 2026: 66744/26 = 2567.08
INSERT INTO SALARY_HIST (MEMBER_ID, PAY_PERIOD_END, PAY_PERIOD_NUM, ANNUAL_SALARY, GROSS_PAY, PENSIONABLE_PAY, OT_PAY, FY_YEAR) VALUES
(10008, '2025-01-10', 1, 64800.00, 2492.31, 2492.31, 0, 2024),
(10008, '2025-06-27', 13, 64800.00, 2492.31, 2492.31, 0, 2024),
(10008, '2025-07-11', 14, 64800.00, 2492.31, 2492.31, 0, 2025),
(10008, '2025-12-26', 26, 64800.00, 2492.31, 2492.31, 0, 2025),
(10008, '2026-01-09', 1, 66744.00, 2567.08, 2567.08, 0, 2025),
(10008, '2026-01-23', 2, 66744.00, 2567.08, 2567.08, 0, 2025),
(10008, '2026-02-06', 3, 66744.00, 2567.08, 2567.08, 0, 2025),
(10008, '2026-02-20', 4, 66744.00, 2567.08, 2567.08, 0, 2025),
(10008, '2026-03-06', 5, 66744.00, 2567.08, 2567.08, 0, 2025);

-- Contribution history: EE = 2567.08 * 0.0845 = 216.92, ER = 2567.08 * 0.1795 = 460.79
INSERT INTO CONTRIBUTION_HIST (MEMBER_ID, PAY_PERIOD_END, EE_CONTRIB, ER_CONTRIB, EE_BALANCE, ER_BALANCE, INTEREST_AMT, FY_YEAR) VALUES
(10008, '2026-01-09', 216.92, 460.79, 48000.00, 103000.00, 0, 2025),
(10008, '2026-01-23', 216.92, 460.79, 48216.92, 103460.79, 0, 2025),
(10008, '2026-02-06', 216.92, 460.79, 48433.84, 103921.58, 0, 2025),
(10008, '2026-02-20', 216.92, 460.79, 48650.76, 104382.37, 0, 2025),
(10008, '2026-03-06', 216.92, 460.79, 48867.68, 104843.16, 0, 2025);

-- Service credit: 11.17 years earned
INSERT INTO SVC_CREDIT (MEMBER_ID, CREDIT_TYPE, BEGIN_DT, YEARS_CREDITED, STATUS) VALUES
(10008, 'EARNED', '2015-01-12', 11.17, 'ACTIVE');

-- Beneficiary
INSERT INTO BENEFICIARY (MEMBER_ID, BENE_TYPE, FIRST_NAME, LAST_NAME, RELATIONSHIP, ALLOC_PCT, EFF_DT) VALUES
(10008, 'PRIMARY', 'Estate', 'Park', 'ESTATE', 100.00, '2015-01-12');


-- =============================================================================
-- DEMO MEMBER 7: Thomas O'Brien (10009)
-- Tier 1, DPD (Police), Senior Engineer, TERMINATED 2022, 22+ years service
-- =============================================================================
INSERT INTO MEMBER_MASTER (
    MEMBER_ID, SSN, FIRST_NAME, LAST_NAME, DOB, GENDER,
    MARITAL_STAT, ADDR_LINE1, CITY, STATE_CD, ZIP_CD, PHONE,
    HIRE_DT, STATUS_CD, TIER_CD, DEPT_CD, POS_CD, MEDICARE_FLAG
) VALUES (
    10009, '555-78-9012', 'Thomas', 'O''Brien', '1968-01-15', 'M',
    'D', '7890 W Alameda Ave', 'Lakewood', 'CO', '80226', '303-555-0707',
    '2000-03-01', 'T', 1, 'DPD', 'ENG3', 'N'
);

-- Employment history
INSERT INTO EMPLOYMENT_HIST (MEMBER_ID, EVENT_TYPE, EVENT_DT, DEPT_CD, POS_CD, SALARY_ANNUAL, NOTES) VALUES
(10009, 'HIRE', '2000-03-01', 'DPD', 'ENG1', 45000.00, 'Initial hire'),
(10009, 'PROMOTION', '2008-01-01', 'DPD', 'ENG2', 64000.00, 'Promotion to Engineer II'),
(10009, 'PROMOTION', '2015-01-01', 'DPD', 'ENG3', 82000.00, 'Promotion to Senior Engineer'),
(10009, 'SEPARATION', '2022-06-30', 'DPD', 'ENG3', 96000.00, 'Voluntary separation');

-- Salary history (terminated — 2022 data only)
-- 96000/26 = 3692.31, last period has OT_PAY = 280
INSERT INTO SALARY_HIST (MEMBER_ID, PAY_PERIOD_END, PAY_PERIOD_NUM, ANNUAL_SALARY, GROSS_PAY, PENSIONABLE_PAY, OT_PAY, LEAVE_PAYOUT_AMT, FY_YEAR) VALUES
(10009, '2022-01-14', 1, 96000.00, 3692.31, 3692.31, 0, 0, 2021),
(10009, '2022-03-25', 6, 96000.00, 3692.31, 3692.31, 0, 0, 2021),
(10009, '2022-06-17', 12, 96000.00, 3692.31, 3692.31, 0, 0, 2021),
(10009, '2022-07-01', 13, 96000.00, 3972.31, 3692.31, 280.00, 0, 2022);

-- Contribution history (frozen since termination — show last known balances)
INSERT INTO CONTRIBUTION_HIST (MEMBER_ID, PAY_PERIOD_END, EE_CONTRIB, ER_CONTRIB, EE_BALANCE, ER_BALANCE, INTEREST_AMT, FY_YEAR) VALUES
(10009, '2022-07-01', 312.00, 662.78, 145000.00, 309000.00, 0, 2022);

-- Service credit: 22.33 years earned
INSERT INTO SVC_CREDIT (MEMBER_ID, CREDIT_TYPE, BEGIN_DT, YEARS_CREDITED, STATUS) VALUES
(10009, 'EARNED', '2000-03-01', 22.33, 'ACTIVE');

-- Beneficiary
INSERT INTO BENEFICIARY (MEMBER_ID, BENE_TYPE, FIRST_NAME, LAST_NAME, RELATIONSHIP, ALLOC_PCT, EFF_DT) VALUES
(10009, 'PRIMARY', 'Estate', 'O''Brien', 'ESTATE', 100.00, '2000-03-01');


-- =============================================================================
-- DEMO MEMBER 8: Angela Davis (10010)
-- Tier 2, DAS (Aviation/DIA), Program Manager, Active, 16+ years service
-- =============================================================================
INSERT INTO MEMBER_MASTER (
    MEMBER_ID, SSN, FIRST_NAME, LAST_NAME, DOB, GENDER,
    MARITAL_STAT, ADDR_LINE1, CITY, STATE_CD, ZIP_CD, PHONE, EMAIL,
    HIRE_DT, STATUS_CD, TIER_CD, DEPT_CD, POS_CD, MEDICARE_FLAG
) VALUES (
    10010, '555-89-0123', 'Angela', 'Davis', '1975-05-28', 'F',
    'M', '16300 E 40th Ave', 'Aurora', 'CO', '80011', '720-555-0808', 'adavis@denvergov.org',
    '2009-07-01', 'A', 2, 'DAS', 'PMGR', 'N'
);

-- Employment history
INSERT INTO EMPLOYMENT_HIST (MEMBER_ID, EVENT_TYPE, EVENT_DT, DEPT_CD, POS_CD, SALARY_ANNUAL, NOTES) VALUES
(10010, 'HIRE', '2009-07-01', 'DAS', 'BADG1', 48000.00, 'Initial hire'),
(10010, 'PROMOTION', '2016-01-01', 'DAS', 'PMGR', 72000.00, 'Promotion to Program Manager');

-- Salary history
-- 2025: 88400/26 = 3400.00, 2026: 91052/26 = 3502.00
INSERT INTO SALARY_HIST (MEMBER_ID, PAY_PERIOD_END, PAY_PERIOD_NUM, ANNUAL_SALARY, GROSS_PAY, PENSIONABLE_PAY, OT_PAY, FY_YEAR) VALUES
(10010, '2025-01-10', 1, 88400.00, 3400.00, 3400.00, 0, 2024),
(10010, '2025-06-27', 13, 88400.00, 3400.00, 3400.00, 0, 2024),
(10010, '2025-07-11', 14, 88400.00, 3400.00, 3400.00, 0, 2025),
(10010, '2025-12-26', 26, 88400.00, 3400.00, 3400.00, 0, 2025),
(10010, '2026-01-09', 1, 91052.00, 3502.00, 3502.00, 0, 2025),
(10010, '2026-01-23', 2, 91052.00, 3502.00, 3502.00, 0, 2025),
(10010, '2026-02-06', 3, 91052.00, 3502.00, 3502.00, 0, 2025),
(10010, '2026-02-20', 4, 91052.00, 3502.00, 3502.00, 0, 2025),
(10010, '2026-03-06', 5, 91052.00, 3502.00, 3502.00, 0, 2025);

-- Contribution history: EE = 3502.00 * 0.0845 = 295.92, ER = 3502.00 * 0.1795 = 628.61
INSERT INTO CONTRIBUTION_HIST (MEMBER_ID, PAY_PERIOD_END, EE_CONTRIB, ER_CONTRIB, EE_BALANCE, ER_BALANCE, INTEREST_AMT, FY_YEAR) VALUES
(10010, '2026-01-09', 295.92, 628.61, 106000.00, 225000.00, 0, 2025),
(10010, '2026-01-23', 295.92, 628.61, 106295.92, 225628.61, 0, 2025),
(10010, '2026-02-06', 295.92, 628.61, 106591.84, 226257.22, 0, 2025),
(10010, '2026-02-20', 295.92, 628.61, 106887.76, 226885.83, 0, 2025),
(10010, '2026-03-06', 295.92, 628.61, 107183.68, 227514.44, 0, 2025);

-- Service credit: 16.71 years earned
INSERT INTO SVC_CREDIT (MEMBER_ID, CREDIT_TYPE, BEGIN_DT, YEARS_CREDITED, STATUS) VALUES
(10010, 'EARNED', '2009-07-01', 16.71, 'ACTIVE');

-- Beneficiaries: spouse 60% primary + child 40% contingent
INSERT INTO BENEFICIARY (MEMBER_ID, BENE_TYPE, FIRST_NAME, LAST_NAME, RELATIONSHIP, DOB, ALLOC_PCT, EFF_DT) VALUES
(10010, 'PRIMARY', 'Marcus', 'Davis', 'SPOUSE', '1973-11-14', 60.00, '2009-07-01'),
(10010, 'CONTINGENT', 'Sophia', 'Davis', 'CHILD', '2005-03-22', 40.00, '2009-07-01');


-- =============================================================================
-- DEMO MEMBER 9: Richard Chen (10011)
-- Tier 3, DWW (Water), Engineer II, Active, 12+ years service
-- =============================================================================
INSERT INTO MEMBER_MASTER (
    MEMBER_ID, SSN, FIRST_NAME, LAST_NAME, DOB, GENDER,
    MARITAL_STAT, ADDR_LINE1, CITY, STATE_CD, ZIP_CD, PHONE, EMAIL,
    HIRE_DT, STATUS_CD, TIER_CD, DEPT_CD, POS_CD, MEDICARE_FLAG
) VALUES (
    10011, '555-90-1234', 'Richard', 'Chen', '1980-09-12', 'M',
    'M', '3400 S Wadsworth Blvd', 'Lakewood', 'CO', '80227', '720-555-0909', 'rchen@denvergov.org',
    '2013-06-01', 'A', 3, 'DWW', 'ENG2', 'N'
);

-- Employment history
INSERT INTO EMPLOYMENT_HIST (MEMBER_ID, EVENT_TYPE, EVENT_DT, DEPT_CD, POS_CD, SALARY_ANNUAL, NOTES) VALUES
(10011, 'HIRE', '2013-06-01', 'DWW', 'ENG1', 50000.00, 'Initial hire'),
(10011, 'PROMOTION', '2019-01-01', 'DWW', 'ENG2', 68000.00, 'Promotion to Engineer II');

-- Salary history
-- 2025: 74300/26 = 2857.69, 2026: 76529/26 = 2943.42
INSERT INTO SALARY_HIST (MEMBER_ID, PAY_PERIOD_END, PAY_PERIOD_NUM, ANNUAL_SALARY, GROSS_PAY, PENSIONABLE_PAY, OT_PAY, FY_YEAR) VALUES
(10011, '2025-01-10', 1, 74300.00, 2857.69, 2857.69, 0, 2024),
(10011, '2025-06-27', 13, 74300.00, 2857.69, 2857.69, 0, 2024),
(10011, '2025-07-11', 14, 74300.00, 2857.69, 2857.69, 0, 2025),
(10011, '2025-12-26', 26, 74300.00, 2857.69, 2857.69, 0, 2025),
(10011, '2026-01-09', 1, 76529.00, 2943.42, 2943.42, 0, 2025),
(10011, '2026-01-23', 2, 76529.00, 2943.42, 2943.42, 0, 2025),
(10011, '2026-02-06', 3, 76529.00, 2943.42, 2943.42, 0, 2025),
(10011, '2026-02-20', 4, 76529.00, 2943.42, 2943.42, 0, 2025),
(10011, '2026-03-06', 5, 76529.00, 2943.42, 2943.42, 0, 2025);

-- Contribution history: EE = 2943.42 * 0.0845 = 248.72, ER = 2943.42 * 0.1795 = 528.34
INSERT INTO CONTRIBUTION_HIST (MEMBER_ID, PAY_PERIOD_END, EE_CONTRIB, ER_CONTRIB, EE_BALANCE, ER_BALANCE, INTEREST_AMT, FY_YEAR) VALUES
(10011, '2026-01-09', 248.72, 528.34, 69000.00, 146000.00, 0, 2025),
(10011, '2026-01-23', 248.72, 528.34, 69248.72, 146528.34, 0, 2025),
(10011, '2026-02-06', 248.72, 528.34, 69497.44, 147056.68, 0, 2025),
(10011, '2026-02-20', 248.72, 528.34, 69746.16, 147585.02, 0, 2025),
(10011, '2026-03-06', 248.72, 528.34, 69994.88, 148113.36, 0, 2025);

-- Service credit: 12.79 years earned
INSERT INTO SVC_CREDIT (MEMBER_ID, CREDIT_TYPE, BEGIN_DT, YEARS_CREDITED, STATUS) VALUES
(10011, 'EARNED', '2013-06-01', 12.79, 'ACTIVE');

-- Beneficiary
INSERT INTO BENEFICIARY (MEMBER_ID, BENE_TYPE, FIRST_NAME, LAST_NAME, RELATIONSHIP, DOB, ALLOC_PCT, EFF_DT) VALUES
(10011, 'PRIMARY', 'Linda', 'Chen', 'SPOUSE', '1982-03-25', 100.00, '2013-06-01');


-- =============================================================================
-- DEMO MEMBER 10: Patricia Moore (10012)
-- Tier 1, DCA (City Attorney), Budget Analyst III, Active, 24+ years service
-- =============================================================================
INSERT INTO MEMBER_MASTER (
    MEMBER_ID, SSN, FIRST_NAME, LAST_NAME, DOB, GENDER,
    MARITAL_STAT, ADDR_LINE1, CITY, STATE_CD, ZIP_CD, PHONE, EMAIL,
    HIRE_DT, STATUS_CD, TIER_CD, DEPT_CD, POS_CD, MEDICARE_FLAG
) VALUES (
    10012, '555-01-2345', 'Patricia', 'Moore', '1966-11-30', 'F',
    'S', '1437 Bannock St', 'Denver', 'CO', '80202', '303-555-1010', 'pmoore@denvergov.org',
    '2001-11-01', 'A', 1, 'DCA', 'BADG3', 'N'
);

-- Employment history
INSERT INTO EMPLOYMENT_HIST (MEMBER_ID, EVENT_TYPE, EVENT_DT, DEPT_CD, POS_CD, SALARY_ANNUAL, NOTES) VALUES
(10012, 'HIRE', '2001-11-01', 'DCA', 'BADG1', 44000.00, 'Initial hire'),
(10012, 'PROMOTION', '2009-01-01', 'DCA', 'BADG2', 60000.00, 'Promotion to Budget Analyst II'),
(10012, 'PROMOTION', '2016-01-01', 'DCA', 'BADG3', 76000.00, 'Promotion to Budget Analyst III');

-- Salary history
-- 2025: 92100/26 = 3542.31, 2026: 94863/26 = 3648.58
INSERT INTO SALARY_HIST (MEMBER_ID, PAY_PERIOD_END, PAY_PERIOD_NUM, ANNUAL_SALARY, GROSS_PAY, PENSIONABLE_PAY, OT_PAY, FY_YEAR) VALUES
(10012, '2025-01-10', 1, 92100.00, 3542.31, 3542.31, 0, 2024),
(10012, '2025-06-27', 13, 92100.00, 3542.31, 3542.31, 0, 2024),
(10012, '2025-07-11', 14, 92100.00, 3542.31, 3542.31, 0, 2025),
(10012, '2025-12-26', 26, 92100.00, 3542.31, 3542.31, 0, 2025),
(10012, '2026-01-09', 1, 94863.00, 3648.58, 3648.58, 0, 2025),
(10012, '2026-01-23', 2, 94863.00, 3648.58, 3648.58, 0, 2025),
(10012, '2026-02-06', 3, 94863.00, 3648.58, 3648.58, 0, 2025),
(10012, '2026-02-20', 4, 94863.00, 3648.58, 3648.58, 0, 2025),
(10012, '2026-03-06', 5, 94863.00, 3648.58, 3648.58, 0, 2025);

-- Contribution history: EE = 3648.58 * 0.0845 = 308.30, ER = 3648.58 * 0.1795 = 654.92
INSERT INTO CONTRIBUTION_HIST (MEMBER_ID, PAY_PERIOD_END, EE_CONTRIB, ER_CONTRIB, EE_BALANCE, ER_BALANCE, INTEREST_AMT, FY_YEAR) VALUES
(10012, '2026-01-09', 308.30, 654.92, 156000.00, 332000.00, 0, 2025),
(10012, '2026-01-23', 308.30, 654.92, 156308.30, 332654.92, 0, 2025),
(10012, '2026-02-06', 308.30, 654.92, 156616.60, 333309.84, 0, 2025),
(10012, '2026-02-20', 308.30, 654.92, 156924.90, 333964.76, 0, 2025),
(10012, '2026-03-06', 308.30, 654.92, 157233.20, 334619.68, 0, 2025);

-- Service credit: 24.37 years earned
INSERT INTO SVC_CREDIT (MEMBER_ID, CREDIT_TYPE, BEGIN_DT, YEARS_CREDITED, STATUS) VALUES
(10012, 'EARNED', '2001-11-01', 24.37, 'ACTIVE');

-- Beneficiary
INSERT INTO BENEFICIARY (MEMBER_ID, BENE_TYPE, FIRST_NAME, LAST_NAME, RELATIONSHIP, ALLOC_PCT, EFF_DT) VALUES
(10012, 'PRIMARY', 'Estate', 'Moore', 'ESTATE', 100.00, '2001-11-01');


COMMIT;
